"","contrast","estimate","SE","df","t.ratio","p.value"
"1","Natural - Agricultural",5.83313291357353,1.83029765217558,44.2326658225781,3.18698595643173,0.00791419935825103
"2","Natural - Urban",3.60529119855816,2.44215821330562,73.5142785005645,1.47627257681973,0.216212328549423
"3","Agricultural - Urban",-2.22784171501537,2.59433743825506,86.2666918805799,-0.858732438642911,0.392867967858725
"4","Natural - Agricultural",0.677583261077904,0.209195165126546,61.6400938356732,3.23900057952115,0.00580243286106545
"5","Natural - Urban",0.281426723119603,0.267413072338196,97.8023778610937,1.05240450909477,0.295207231587242
"6","Agricultural - Urban",-0.396156537958301,0.279826915232336,114.417043879168,-1.41571991968456,0.239360812776099
